datetime,temperature,humidity
2025-03-20 03:21:11.459077,9.0,96
2025-03-20 03:25:25.762179,9.0,96
2025-03-20 03:29:28.303609,9.0,96
2025-03-20 04:17:58.368733,8.72,96
2025-03-20 05:14:32.823350,8.63,97
2025-03-20 06:20:37.281958,8.67,96
2025-03-20 07:14:20.583026,8.99,93
2025-03-20 08:19:40.609338,8.57,98
2025-03-20 09:15:55.966664,9.13,98
2025-03-20 10:15:51.373052,9.09,98
2025-03-20 11:12:24.631595,8.74,98
2025-03-20 12:28:12.577873,7.26,98
2025-03-20 13:22:43.890326,8.66,95
2025-03-20 14:14:54.877118,9.9,88
2025-03-20 15:16:18.056420,13.26,81
2025-03-20 16:18:54.168081,14.26,75
2025-03-20 17:13:41.763120,15.26,69
2025-03-20 18:20:31.351679,14.76,70
2025-03-20 19:11:47.772593,17.26,71
2025-03-20 20:16:05.371564,14.1,72
2025-03-20 21:13:49.627623,19.26,75
2025-03-20 22:13:27.853903,13.26,78
2025-03-20 23:13:46.447905,11.51,87
2025-03-21 01:09:46.922537,8.26,96
2025-03-21 02:55:37.990452,7.26,97
2025-03-21 03:27:55.344296,5.26,97
2025-03-21 04:17:32.605796,9.26,96
2025-03-21 05:14:25.540433,9.47,97
2025-03-21 06:21:50.666696,9.0,98
2025-03-21 07:14:24.185397,9.27,98
2025-03-21 08:19:02.927058,9.33,98
2025-03-21 09:15:30.757474,8.42,98
2025-03-21 10:15:33.318490,8.11,98
2025-03-21 11:12:40.280573,8.1,98
2025-03-21 12:28:27.844041,7.26,97
2025-03-21 13:22:55.666454,9.61,94
2025-03-21 14:13:39.652489,11.26,90
2025-03-21 15:15:19.479534,11.54,85
2025-03-21 16:18:19.441612,13.26,81
2025-03-21 17:12:51.629833,15.26,83
2025-03-21 18:19:44.851511,17.26,78
2025-03-21 19:11:21.120677,14.26,70
2025-03-21 20:15:53.625524,16.26,68
2025-03-21 21:13:03.230828,15.26,70
2025-03-21 22:14:02.590618,13.26,76
2025-03-21 23:13:26.062103,11.26,89
2025-03-22 01:08:07.773013,9.26,93
2025-03-22 02:51:43.693359,9.88,97
2025-03-22 03:27:31.311616,8.26,97
2025-03-22 04:17:16.937141,9.91,97
2025-03-22 05:13:40.251530,9.88,97
2025-03-22 06:18:47.884930,9.66,98
2025-03-22 07:13:16.114726,8.89,98
2025-03-22 08:17:09.370482,8.64,97
2025-03-22 09:14:22.121188,8.51,97
2025-03-22 10:14:56.115617,8.4,96
2025-03-22 11:11:52.623713,7.26,97
2025-03-22 12:25:44.493423,7.26,96
2025-03-22 13:18:12.889476,8.26,96
2025-03-22 14:13:50.957008,10.4,92
2025-03-22 15:12:56.622616,11.26,82
2025-03-22 16:16:08.889636,13.37,77
2025-03-22 17:11:29.241813,13.26,76
2025-03-22 18:18:00.555931,15.26,84
2025-03-22 19:11:19.040754,15.26,86
2025-03-22 20:14:32.650942,10.81,90
2025-03-22 21:12:36.814484,14.26,95
2025-03-22 22:12:39.938776,13.26,97
2025-03-22 23:13:30.972917,9.77,96
2025-03-23 01:14:06.343163,8.84,97
2025-03-23 02:59:50.451875,8.26,97
2025-03-23 03:36:05.396721,8.26,98
2025-03-23 04:16:57.169698,9.33,98
2025-03-23 05:13:27.731324,9.26,99
2025-03-23 06:18:57.442671,9.0,98
2025-03-23 07:12:52.378168,8.91,98
2025-03-23 08:17:20.891104,8.71,97
2025-03-23 09:13:25.413865,8.55,98
2025-03-23 10:13:45.969737,8.05,98
2025-03-23 11:12:03.476919,6.26,98
2025-03-23 12:26:09.215403,6.26,96
2025-03-23 13:18:41.704945,8.26,95
2025-03-23 14:11:57.282101,9.26,91
2025-03-23 15:13:33.224784,10.26,84
2025-03-23 16:15:53.953011,13.89,73
2025-03-23 17:11:47.227994,14.77,69
2025-03-23 18:17:41.759271,12.26,71
2025-03-23 19:12:06.695658,13.75,76
2025-03-23 20:14:43.671210,13.47,77
2025-03-23 21:12:28.412635,10.26,80
2025-03-23 22:14:00.048835,11.36,86
2025-03-23 23:13:19.737717,8.26,91
2025-03-24 01:11:42.563192,9.05,96
2025-03-24 02:59:59.346747,9.25,93
2025-03-24 03:37:42.637056,5.26,91
2025-03-24 04:17:54.499680,8.8,91
2025-03-24 05:15:16.784468,8.58,92
2025-03-24 06:21:23.745627,8.57,92
2025-03-24 07:15:26.855497,8.4,92
2025-03-24 08:20:13.760721,8.46,91
2025-03-24 09:16:49.686322,8.48,90
2025-03-24 10:16:49.032081,8.36,90
2025-03-24 11:12:45.318758,6.26,89
2025-03-24 12:30:37.667116,6.26,84
2025-03-24 13:24:49.931009,9.26,84
2025-03-24 14:14:44.166410,10.26,77
2025-03-24 15:16:17.579621,10.26,66
2025-03-24 16:19:48.598948,15.26,58
2025-03-24 17:13:41.799516,16.26,54
2025-03-24 18:20:50.270688,11.26,52
2025-03-24 19:12:13.014919,15.26,52
2025-03-24 20:14:43.832032,17.26,54
2025-03-24 21:13:22.269407,12.26,58
2025-03-24 22:14:07.187065,11.26,65
2025-03-24 23:14:15.792287,10.26,78
2025-03-25 01:10:21.651192,7.26,94
2025-03-25 02:56:36.838670,5.26,93
2025-03-25 03:30:32.559672,5.26,93
2025-03-25 04:17:47.462278,7.95,93
2025-03-25 05:15:22.480567,7.62,93
2025-03-25 06:21:04.960442,7.33,93
2025-03-25 07:16:26.451557,7.15,91
2025-03-25 08:19:47.840676,6.7,90
2025-03-25 09:16:05.126804,6.68,90
2025-03-25 10:15:59.428596,6.61,90
2025-03-25 11:12:29.004620,5.26,91
2025-03-25 12:29:17.287263,5.26,83
2025-03-25 13:24:39.703864,8.26,71
2025-03-25 14:15:32.738637,8.26,64
2025-03-25 15:16:16.485471,12.26,61
2025-03-25 16:17:25.385355,14.26,58
2025-03-25 17:13:39.318585,16.26,61
2025-03-25 18:20:20.911279,17.26,67
2025-03-25 19:12:12.036483,18.26,67
2025-03-25 20:16:24.094915,18.26,63
2025-03-25 21:13:36.896562,18.26,62
2025-03-25 22:14:05.351619,13.26,70
2025-03-25 23:13:34.336354,11.26,82
2025-03-26 01:09:57.018125,10.03,92
2025-03-26 02:55:25.203977,8.26,92
2025-03-26 03:27:58.645841,8.26,92
2025-03-26 04:17:50.165322,8.85,91
2025-03-26 05:14:40.018117,8.13,92
2025-03-26 06:20:42.867360,8.46,94
2025-03-26 07:14:45.788674,8.29,93
2025-03-26 08:19:31.664348,7.91,93
2025-03-26 09:16:02.076508,8.06,92
2025-03-26 10:16:03.745069,8.03,92
2025-03-26 11:12:27.402745,7.72,93
2025-03-26 12:29:27.820241,7.26,89
2025-03-26 13:24:31.587095,9.26,83
2025-03-26 14:15:05.557718,11.26,76
2025-03-26 15:16:17.115070,13.26,69
2025-03-26 16:19:19.154609,14.26,63
2025-03-26 17:13:31.673185,15.26,60
2025-03-26 18:20:42.400328,16.26,61
2025-03-26 19:12:08.826910,17.26,65
2025-03-26 20:16:39.882124,18.26,68
2025-03-26 21:13:39.008542,17.26,72
2025-03-26 22:13:33.560135,8.26,76
2025-03-26 23:14:19.501347,8.26,84
2025-03-27 01:09:41.006657,7.26,94
2025-03-27 02:55:38.870132,7.26,95
2025-03-27 03:30:07.532863,7.26,94
2025-03-27 04:17:29.497982,8.71,94
2025-03-27 05:14:44.361704,8.51,94
2025-03-27 06:20:30.885551,8.0,95
2025-03-27 07:14:49.033735,7.97,94
2025-03-27 08:19:19.907119,7.69,95
2025-03-27 09:16:24.283565,7.56,95
2025-03-27 10:15:54.856177,7.7,95
2025-03-27 11:12:23.513951,6.26,95
2025-03-27 12:29:53.675678,7.26,94
2025-03-27 13:24:16.023767,9.26,89
2025-03-27 14:14:34.325540,10.26,81
2025-03-27 15:15:59.424062,10.26,75
2025-03-27 16:18:50.304799,13.26,77
2025-03-27 17:13:06.975602,14.26,81
2025-03-27 18:20:17.579731,15.26,84
2025-03-27 19:11:43.180457,16.26,81
2025-03-27 20:15:50.805393,15.26,81
2025-03-27 21:14:03.510577,17.26,84
2025-03-27 22:13:32.195735,10.87,87
2025-03-27 23:14:21.063325,8.26,89
2025-03-28 01:09:37.197943,8.26,95
2025-03-28 02:57:25.324336,7.26,94
2025-03-28 03:32:24.195695,7.26,94
2025-03-28 04:18:03.953465,7.46,94
2025-03-28 05:14:51.183528,7.34,95
2025-03-28 06:20:52.648856,6.91,94
2025-03-28 07:14:43.561594,6.66,95
2025-03-28 08:19:34.746830,6.66,95
2025-03-28 09:15:50.449114,6.53,95
2025-03-28 10:15:28.906872,5.26,95
2025-03-28 11:12:28.458329,6.37,95
2025-03-28 12:28:47.830854,6.26,91
2025-03-28 13:23:29.756830,9.26,83
2025-03-28 14:14:15.637083,10.26,78
2025-03-28 15:15:18.289069,12.13,74
2025-03-28 16:18:25.482229,13.21,71
2025-03-28 17:13:32.810933,11.4,83
2025-03-28 18:20:36.512320,9.8,94
2025-03-28 19:12:29.453857,10.86,85
2025-03-28 20:16:30.888085,11.17,82
2025-03-28 21:13:42.722439,11.24,81
2025-03-28 22:14:12.092107,10.84,83
2025-03-28 23:14:01.209149,10.27,89
2025-03-29 01:09:08.199122,9.61,93
2025-03-29 02:53:55.967061,9.41,93
2025-03-29 03:26:26.905237,9.41,93
2025-03-29 04:18:36.006574,9.36,93
2025-03-29 05:13:25.956179,8.92,93
2025-03-29 06:19:05.339841,8.27,94
2025-03-29 07:12:56.926921,7.7,95
2025-03-29 08:17:38.937656,7.2,95
2025-03-29 09:14:31.526485,7.51,94
2025-03-29 10:14:14.390888,7.57,93
2025-03-29 11:12:06.398819,7.18,94
2025-03-29 12:26:10.364837,8.19,91
2025-03-29 13:19:42.281937,10.3,81
2025-03-29 14:13:13.150569,11.94,75
2025-03-29 15:14:27.780870,13.07,71
2025-03-29 16:16:02.115366,14.0,68
2025-03-29 17:11:50.633377,15.25,62
2025-03-29 18:18:04.729851,15.71,60
2025-03-29 19:11:37.230999,15.31,64
2025-03-29 20:14:29.790816,14.06,70
2025-03-29 21:12:48.014844,12.87,79
2025-03-29 22:12:50.067689,12.0,84
2025-03-29 23:12:58.697086,11.09,90
2025-03-30 01:15:21.888472,10.08,93
2025-03-30 03:02:33.606448,9.22,94
2025-03-30 04:17:24.112055,9.02,94
2025-03-30 05:13:41.077284,8.49,95
2025-03-30 06:19:19.077053,8.31,95
2025-03-30 07:13:45.481863,8.1,95
2025-03-30 08:17:32.220208,8.13,94
2025-03-30 09:13:36.021904,7.98,94
2025-03-30 10:14:10.314947,7.88,93
2025-03-30 11:12:21.213930,7.34,95
2025-03-30 12:26:56.041462,8.8,92
2025-03-30 13:19:58.131743,10.06,87
2025-03-30 14:13:27.559607,11.65,80
2025-03-30 15:13:48.348077,13.18,74
2025-03-30 16:16:18.540577,14.86,66
2025-03-30 17:11:46.547393,15.47,64
2025-03-30 18:18:19.195494,15.07,66
2025-03-30 19:11:04.524635,13.79,74
2025-03-30 20:15:20.231747,12.75,81
2025-03-30 21:13:42.302454,11.7,86
2025-03-30 22:12:58.668348,11.12,88
2025-03-30 23:14:14.747790,10.46,91
2025-03-31 01:13:44.424502,9.97,93
2025-03-31 03:02:56.965878,9.72,91
2025-03-31 04:18:15.567448,9.57,91
2025-03-31 05:15:35.715210,9.44,91
2025-03-31 06:22:05.306644,9.14,93
2025-03-31 07:15:26.496206,8.88,95
2025-03-31 08:20:56.607424,8.63,96
2025-03-31 09:17:01.887284,8.42,95
2025-03-31 10:16:37.045134,8.48,93
2025-03-31 11:12:37.128586,8.41,93
2025-03-31 12:30:02.350100,9.93,88
2025-03-31 13:24:57.934326,8.1,94
2025-03-31 14:14:46.357691,9.1,88
2025-03-31 15:16:01.941807,10.1,82
2025-03-31 16:18:49.617862,11.1,77
2025-03-31 17:13:14.050084,12.1,67
2025-03-31 18:20:28.880475,15.1,55
2025-03-31 19:12:39.401839,15.1,55
2025-03-31 20:16:55.127141,15.1,63
2025-03-31 21:14:13.261848,14.1,68
2025-03-31 22:14:32.556240,13.05,76
2025-03-31 23:13:53.934987,11.48,87
2025-04-01 01:18:26.919604,10.18,92
2025-04-01 03:09:45.599148,9.79,94
2025-04-01 04:18:18.894946,8.95,95
2025-04-01 05:15:18.564548,8.39,96
2025-04-01 06:22:08.480973,8.57,95
2025-04-01 07:15:19.391957,8.29,96
2025-04-01 08:20:10.391680,8.17,96
2025-04-01 09:16:52.445371,8.3,95
2025-04-01 10:16:27.181345,7.67,96
2025-04-01 11:13:00.822917,7.37,96
2025-04-01 12:31:07.574914,9.94,92
2025-04-01 13:25:55.167772,10.1,82
2025-04-01 14:14:55.711349,10.1,82
2025-04-01 15:16:06.615895,12.1,72
2025-04-01 16:18:03.364569,12.1,72
2025-04-01 17:14:24.631252,14.1,68
2025-04-01 18:20:19.613156,14.1,72
2025-04-01 19:12:14.730474,15.1,68
2025-04-01 20:16:51.053019,16.1,64
2025-04-01 21:13:46.943067,14.1,77
2025-04-01 22:14:07.324442,11.52,85
2025-04-01 23:14:06.282090,10.37,93
2025-04-02 01:11:09.753336,9.36,97
2025-04-02 02:58:25.352363,9.21,97
2025-04-02 03:35:57.693256,8.85,96
2025-04-02 04:17:31.616222,8.85,96
2025-04-02 05:16:08.550501,8.24,97
2025-04-02 06:21:09.901960,8.07,97
2025-04-02 07:15:07.830452,7.78,97
2025-04-02 08:20:11.324589,7.88,96
2025-04-02 09:16:04.272827,7.96,97
2025-04-02 10:16:10.523014,8.13,97
2025-04-02 11:12:38.960845,8.11,96
2025-04-02 12:30:08.392089,8.98,90
2025-04-02 13:25:17.513014,9.1,82
2025-04-02 14:14:32.381173,10.1,72
2025-04-02 15:15:43.185200,11.1,77
2025-04-02 16:19:11.145251,10.1,88
2025-04-02 17:13:12.145592,10.1,100
2025-04-02 18:20:29.300338,11.1,82
2025-04-02 19:12:16.739215,13.1,67
2025-04-02 20:16:26.701562,14.1,68
2025-04-02 21:13:41.352655,11.38,81
2025-04-02 22:13:40.612303,10.79,84
2025-04-02 23:13:44.242216,10.07,88
2025-04-03 01:10:26.981297,7.3,97
2025-04-03 02:56:56.381669,7.39,96
2025-04-03 03:33:27.850191,7.34,95
2025-04-03 04:18:45.615817,7.34,95
2025-04-03 05:15:11.856067,7.28,96
2025-04-03 06:21:40.964839,7.07,95
2025-04-03 07:15:02.028661,6.76,96
2025-04-03 08:19:37.809162,6.69,97
2025-04-03 09:16:24.788261,6.66,97
2025-04-03 10:15:57.170753,6.38,97
2025-04-03 11:13:24.522491,5.98,97
2025-04-03 12:29:41.422608,8.0,94
2025-04-03 13:24:38.484344,9.84,87
2025-04-03 14:14:44.550093,12.28,74
2025-04-03 15:14:18.675338,13.98,67
2025-04-03 16:18:04.391935,15.3,61
2025-04-03 17:13:22.873214,13.1,67
2025-04-03 18:20:12.895375,13.1,88
2025-04-03 19:12:29.005438,14.1,72
2025-04-03 20:16:35.632104,14.71,68
2025-04-03 21:13:53.591792,13.96,72
2025-04-03 22:13:39.915643,12.9,78
2025-04-03 23:15:05.558698,11.47,86
2025-04-04 01:10:12.844491,10.04,91
2025-04-04 02:57:06.522156,8.65,95
2025-04-04 03:31:21.254916,8.36,94
2025-04-04 04:17:50.161308,8.36,94
2025-04-04 05:15:25.238974,8.25,94
2025-04-04 06:21:07.479590,8.22,93
2025-04-04 07:14:36.576494,8.08,94
2025-04-04 08:19:32.622029,8.26,94
2025-04-04 09:16:16.741212,8.17,93
2025-04-04 10:15:52.758224,8.15,93
2025-04-04 11:13:47.802502,8.13,92
2025-04-04 12:29:12.532362,8.96,90
2025-04-04 13:23:46.149368,9.1,82
2025-04-04 14:14:05.965589,10.1,72
2025-04-04 15:15:36.456602,12.1,59
2025-04-04 16:18:04.047353,13.1,63
2025-04-04 17:13:16.884854,15.1,55
2025-04-04 18:20:05.811348,17.1,49
2025-04-04 19:13:12.921018,17.1,49
2025-04-04 20:16:01.685781,14.8,67
2025-04-04 21:13:31.802939,14.46,69
2025-04-04 22:13:41.300740,13.2,74
2025-04-04 23:13:48.084690,11.62,83
2025-04-05 01:09:11.042329,9.48,96
2025-04-05 02:54:44.978966,8.98,94
2025-04-05 03:27:37.700820,8.98,94
2025-04-05 04:17:03.952532,8.64,95
2025-04-05 05:15:03.593631,8.32,96
2025-04-05 06:19:07.045725,8.49,96
2025-04-05 07:13:14.288428,8.29,95
2025-04-05 08:17:16.516944,8.3,95
2025-04-05 09:13:55.537730,8.54,96
2025-04-05 10:14:03.795943,8.54,95
2025-04-05 11:11:30.111920,8.71,96
2025-04-05 12:26:35.964000,9.57,97
2025-04-05 13:19:38.748380,10.14,95
2025-04-05 14:12:09.042791,10.4,92
2025-04-05 15:13:08.664127,10.94,88
2025-04-05 16:17:10.092499,11.91,81
2025-04-05 17:11:32.982197,14.15,71
2025-04-05 18:18:00.263660,15.76,65
2025-04-05 19:10:33.036855,14.88,70
2025-04-05 20:14:29.192188,13.6,75
2025-04-05 21:13:46.823023,14.23,71
2025-04-05 22:12:49.438663,13.8,72
2025-04-05 23:14:57.872489,11.95,82
2025-04-06 01:14:39.091467,8.87,97
2025-04-06 03:01:10.037457,8.63,96
2025-04-06 04:18:10.139053,8.46,96
2025-04-06 05:14:01.029053,8.62,96
2025-04-06 06:19:47.630470,8.21,95
2025-04-06 07:13:20.972674,8.25,95
2025-04-06 08:17:13.966270,8.18,95
2025-04-06 09:14:00.901439,7.65,96
2025-04-06 10:14:56.952747,7.54,96
2025-04-06 11:11:06.347053,7.66,96
2025-04-06 12:26:27.731493,8.25,94
2025-04-06 13:20:32.781154,9.61,89
2025-04-06 14:12:51.211987,11.42,80
2025-04-06 15:13:20.958941,12.39,75
2025-04-06 16:15:59.691575,12.86,75
2025-04-06 17:12:05.505295,12.61,78
2025-04-06 18:18:22.376827,12.15,81
2025-04-06 19:10:46.865887,13.24,74
2025-04-06 20:14:49.179390,14.1,69
2025-04-06 21:13:09.797765,13.66,70
2025-04-06 22:13:19.717585,12.14,79
2025-04-06 23:13:18.644578,10.73,88
2025-04-07 01:12:40.962663,9.35,94
2025-04-07 03:01:15.984800,9.1,94
2025-04-07 04:18:24.954316,8.97,93
2025-04-07 05:15:54.362027,8.47,93
2025-04-07 06:21:57.158379,8.07,93
2025-04-07 07:15:51.943045,6.97,94
2025-04-07 08:20:40.836606,6.68,95
2025-04-07 09:17:13.600674,6.63,96
2025-04-07 10:17:42.135246,6.72,95
2025-04-07 11:12:50.837055,6.45,96
2025-04-07 12:31:12.984817,10.01,86
2025-04-07 13:25:25.962401,10.1,82
2025-04-07 14:15:22.672545,11.1,72
2025-04-07 15:16:00.401241,13.1,77
2025-04-07 16:17:37.977752,14.1,72
2025-04-07 17:13:37.488066,15.1,63
2025-04-07 18:20:25.078301,17.1,56
2025-04-07 19:12:10.068523,18.1,53
2025-04-07 20:16:23.904387,18.1,53
2025-04-07 21:13:59.972165,18.1,53
2025-04-07 22:14:30.317894,13.38,76
2025-04-07 23:15:04.732302,12.04,85
2025-04-08 01:10:35.653384,9.87,94
2025-04-08 02:57:36.501011,9.66,95
2025-04-08 03:33:12.051594,9.08,95
2025-04-08 04:17:53.725001,9.08,95
2025-04-08 05:14:38.700722,8.63,96
2025-04-08 06:21:30.184912,8.82,95
2025-04-08 07:14:59.169309,8.39,96
2025-04-08 08:20:41.047360,8.34,95
2025-04-08 09:16:53.606577,8.63,94
2025-04-08 10:16:34.124164,8.3,96
2025-04-08 11:12:43.254628,8.08,96
2025-04-08 12:30:20.603027,9.58,93
2025-04-08 13:25:30.052633,10.1,82
2025-04-08 14:15:46.415449,12.1,72
2025-04-08 15:16:41.358093,14.1,59
2025-04-08 16:19:02.017525,14.1,59
2025-04-08 17:13:40.223232,14.1,59
2025-04-08 18:20:00.951294,14.1,72
2025-04-08 19:12:50.656805,15.1,63
2025-04-08 20:16:33.757835,13.1,67
2025-04-08 21:14:03.934094,12.1,88
2025-04-08 22:13:52.022940,11.12,83
2025-04-08 23:14:04.914603,10.76,84
2025-04-09 01:10:45.522740,8.89,93
2025-04-09 02:58:45.949271,8.56,94
2025-04-09 03:35:20.643820,8.58,94
2025-04-09 04:18:05.598428,8.58,94
2025-04-09 05:15:18.116379,8.71,94
2025-04-09 06:21:42.085208,8.28,96
2025-04-09 07:15:02.183016,8.01,97
2025-04-09 08:21:25.688978,8.09,96
2025-04-09 09:16:51.121485,7.83,96
2025-04-09 10:18:12.655349,7.56,97
2025-04-09 11:12:58.300540,7.38,97
2025-04-09 12:30:28.891383,9.54,94
2025-04-09 13:26:20.633003,9.1,88
2025-04-09 14:15:53.568425,10.61,88
2025-04-09 15:18:32.964545,11.99,81
2025-04-09 16:19:26.248759,13.1,82
2025-04-09 17:13:32.233570,13.1,82
2025-04-09 18:20:47.194658,15.1,68
2025-04-09 19:12:34.825719,15.1,72
2025-04-09 20:16:07.718466,13.1,88
2025-04-09 21:12:23.593609,14.1,77
2025-04-09 22:13:54.056304,10.94,87
2025-04-09 23:13:49.526813,10.33,89
2025-04-10 01:10:42.767283,9.16,96
2025-04-10 02:58:05.439483,8.65,96
2025-04-10 03:34:54.057017,8.34,96
2025-04-10 04:18:15.022636,8.34,96
2025-04-10 05:15:32.575455,8.14,95
2025-04-10 06:21:42.250220,7.98,97
2025-04-10 07:14:49.587372,7.99,96
2025-04-10 08:20:03.137752,8.37,94
2025-04-10 09:16:21.257380,8.41,94
2025-04-10 10:16:40.516806,8.73,94
2025-04-10 11:12:50.108699,8.58,96
2025-04-10 12:30:44.061353,9.74,91
2025-04-10 13:24:56.009614,8.1,87
2025-04-10 14:15:09.906912,11.1,77
2025-04-10 15:16:39.610931,13.1,67
2025-04-10 16:18:57.593941,14.1,63
2025-04-10 17:13:38.870189,12.22,78
2025-04-10 18:19:44.984916,16.1,64
2025-04-10 19:12:17.184043,14.1,72
2025-04-10 20:16:16.469279,14.1,82
2025-04-10 21:13:57.857311,14.1,82
2025-04-10 22:15:36.382365,13.46,73
2025-04-10 23:14:45.064392,11.84,81
2025-04-11 01:11:08.329302,9.37,94
2025-04-11 02:59:05.040007,8.82,95
2025-04-11 03:35:52.563112,8.53,94
2025-04-11 04:18:59.293068,8.53,94
2025-04-11 05:16:00.914079,8.14,94
2025-04-11 06:21:29.955678,7.56,95
2025-04-11 07:14:48.343857,7.82,94
2025-04-11 08:20:15.832039,7.78,93
2025-04-11 09:16:29.828111,7.61,94
2025-04-11 10:15:40.155461,7.32,94
2025-04-11 11:12:25.669601,7.38,92
2025-04-11 12:29:53.480762,8.56,88
2025-04-11 13:24:39.235822,9.1,82
2025-04-11 14:14:40.811648,9.1,82
2025-04-11 15:16:09.923984,10.1,82
2025-04-11 16:19:02.894766,11.96,65
2025-04-11 17:13:18.700333,11.96,65
2025-04-11 18:20:30.137354,11.96,65
2025-04-11 19:12:29.062009,11.96,65
2025-04-11 20:16:15.633091,11.96,65
2025-04-11 21:13:35.234214,11.96,65
2025-04-11 22:14:00.115916,11.96,65
2025-04-11 23:13:58.912470,11.96,65
2025-04-12 01:09:47.780571,11.96,65
2025-04-12 02:55:36.991297,11.96,65
2025-04-12 03:28:39.828668,11.96,65
2025-04-12 04:17:10.756924,8.6,91
2025-04-12 05:13:48.397080,8.42,91
2025-04-12 06:19:06.865837,7.86,91
2025-04-12 07:13:03.225717,7.56,91
2025-04-12 08:17:42.965030,7.56,90
2025-04-12 09:15:01.020827,7.6,90
2025-04-12 10:13:45.565486,7.65,89
2025-04-12 11:11:11.202573,7.63,90
2025-04-12 12:26:21.451364,8.68,87
2025-04-12 13:19:50.824117,11.96,65
2025-04-12 14:12:25.843824,11.96,65
2025-04-12 15:13:30.820433,11.96,65
2025-04-12 16:17:02.398716,15.6,61
2025-04-12 17:13:29.524215,15.84,60
2025-04-12 18:18:23.949178,15.83,61
2025-04-12 19:12:05.981530,15.52,64
2025-04-12 20:14:42.248502,11.96,65
2025-04-12 21:13:03.879275,11.96,65
2025-04-12 22:12:58.943179,11.96,65
2025-04-12 23:13:43.418059,11.96,65
2025-04-13 02:38:58.774496,11.96,65
2025-04-13 04:23:44.968932,8.81,96
2025-04-13 05:20:22.803276,8.68,96
2025-04-13 06:20:00.980664,11.96,65
2025-04-13 07:13:27.462955,11.96,65
2025-04-13 08:17:50.385112,11.96,65
2025-04-13 09:15:44.984483,11.96,65
2025-04-13 10:15:30.622878,11.96,65
2025-04-13 11:11:09.860183,9.05,99
2025-04-13 12:27:11.548609,9.02,98
2025-04-13 13:22:25.676704,11.96,65
2025-04-13 14:12:34.988269,11.96,65
2025-04-13 15:15:04.168188,11.96,65
2025-04-13 16:18:44.641412,11.96,65
2025-04-13 17:12:21.892333,11.96,65
2025-04-13 18:19:01.215604,9.02,95
2025-04-13 19:11:10.268091,11.96,65
2025-04-13 20:14:52.394399,11.96,65
2025-04-13 21:13:24.655916,11.96,65
2025-04-13 22:13:31.946823,8.83,94
2025-04-13 23:15:17.814085,8.73,94
2025-04-14 01:13:56.862537,7.72,94
2025-04-14 03:04:14.634309,7.03,94
2025-04-14 04:17:56.465282,6.82,95
2025-04-14 05:16:08.959366,6.8,96
2025-04-14 06:22:55.299412,7.8,97
2025-04-14 07:15:33.007716,7.86,97
2025-04-14 08:20:46.228595,7.69,96
2025-04-14 09:17:26.129909,7.91,97
2025-04-14 10:17:07.296088,7.72,98
2025-04-14 11:12:55.542130,8.0,97
2025-04-14 12:30:17.778346,9.66,93
2025-04-14 13:26:26.854013,11.96,65
2025-04-14 14:15:34.720021,11.96,65
2025-04-14 15:16:39.312902,11.96,65
2025-04-14 16:18:58.975510,11.96,65
2025-04-14 17:13:40.830053,11.96,65
2025-04-14 18:20:56.808374,11.96,65
2025-04-14 19:12:37.012001,11.96,65
2025-04-14 20:17:16.881262,11.96,65
2025-04-14 21:13:53.802558,11.96,65
2025-04-14 22:14:20.938103,11.96,65
2025-04-14 23:13:49.903363,11.96,65
2025-04-15 01:13:11.806653,7.9,95
2025-04-15 03:02:13.245586,8.07,50
2025-04-15 04:18:19.459436,8.07,50
2025-04-15 05:15:23.963127,8.07,50
2025-04-15 06:21:42.525751,8.07,50
2025-04-15 07:15:24.201863,8.07,50
2025-04-15 08:20:56.636161,8.07,50
2025-04-15 09:16:48.597612,8.07,50
2025-04-15 10:16:52.892146,8.07,50
2025-04-15 11:12:55.744187,8.07,50
2025-04-15 12:29:54.693831,8.07,50
2025-04-15 13:25:39.095606,8.07,50
2025-04-15 14:15:20.989761,8.07,50
2025-04-15 15:15:52.261482,12.1,77
2025-04-15 16:17:14.079487,13.1,72
2025-04-15 17:13:35.745900,14.1,72
2025-04-15 18:19:31.895301,14.1,72
2025-04-15 19:12:19.412644,14.1,72
2025-04-15 20:16:43.725043,15.1,63
2025-04-15 21:14:08.481147,16.1,60
2025-04-15 22:14:17.814028,13.17,70
2025-04-15 23:14:27.693475,8.07,50
2025-04-16 01:12:43.263156,8.07,50
2025-04-16 03:01:51.945220,8.07,50
2025-04-16 04:18:01.976323,8.07,50
2025-04-16 05:15:33.559169,8.07,50
2025-04-16 06:21:33.026966,8.07,50
2025-04-16 07:15:08.605159,8.07,50
2025-04-16 08:20:45.184095,8.07,50
2025-04-16 09:17:06.759224,8.07,50
2025-04-16 10:16:22.713354,8.07,50
2025-04-16 11:12:55.617569,8.07,50
2025-04-16 12:30:42.461871,8.07,50
2025-04-16 13:25:38.600607,8.07,50
2025-04-16 14:15:38.605127,10.1,72
2025-04-16 15:16:43.685590,12.1,67
2025-04-16 16:19:15.462751,14.1,59
2025-04-16 17:13:14.389989,14.1,59
2025-04-16 18:21:17.773510,15.1,55
2025-04-16 19:11:20.360737,15.1,55
2025-04-16 20:17:12.563086,16.1,56
2025-04-16 21:14:00.131838,13.07,68
2025-04-16 22:13:56.314408,13.07,68
2025-04-16 23:14:02.587299,13.07,68
2025-04-17 01:11:41.060784,9.25,95
2025-04-17 03:00:42.750556,8.63,95
2025-04-17 04:18:19.356694,8.41,96
2025-04-17 05:15:23.336091,8.43,95
2025-04-17 06:21:28.525492,9.02,94
2025-04-17 07:15:23.947269,8.86,93
2025-04-17 08:20:27.348770,8.61,93
2025-04-17 09:16:46.771679,8.35,94
2025-04-17 10:16:12.702471,7.89,96
2025-04-17 11:12:28.788954,7.85,96
2025-04-17 12:29:59.544635,8.91,92
2025-04-17 13:24:40.741268,13.07,68
2025-04-17 14:14:31.000258,13.07,68
2025-04-17 15:15:57.883142,13.07,68
2025-04-17 16:19:08.773391,11.96,62
2025-04-17 17:13:18.220675,11.96,62
2025-04-17 18:20:26.301372,11.96,62
2025-04-17 19:12:13.160296,11.96,62
2025-04-17 20:16:17.302004,11.96,62
2025-04-17 21:14:06.614998,11.96,62
2025-04-17 22:13:45.652093,11.96,62
2025-04-17 23:14:17.237345,11.96,62
2025-04-18 01:11:04.514289,11.96,62
2025-04-18 02:57:43.521997,9.07,97
2025-04-18 03:33:43.534859,8.96,97
2025-04-18 04:17:55.631517,8.96,97
2025-04-18 05:15:16.633177,9.04,99
2025-04-18 06:21:19.456277,11.96,62
2025-04-18 07:14:45.552548,9.2,98
2025-04-18 08:19:37.568867,8.94,98
2025-04-18 09:15:58.014728,8.79,98
2025-04-18 10:16:02.517658,8.9,98
2025-04-18 11:12:19.378082,9.08,99
2025-04-18 12:28:43.058940,9.08,98
2025-04-18 13:22:54.283619,11.96,62
2025-04-18 14:13:43.508989,10.85,62
2025-04-18 15:15:22.042503,10.85,62
